Loan_ID,Gender,Married,Dependents,Education,Self_Employed,ApplicantIncome,CoapplicantIncome,LoanAmount,Loan_Amount_Term,Credit_History,Property_Area,Loan_Status,LoanAmount_Category
LP001002,Male,No,0,Graduate,No,0.07048855905998763,0.0,0.17221418234442834,360.0,1.0,Urban,Y,Medium
LP001003,Male,Yes,1,Graduate,No,0.05482993197278912,0.03619171046631627,0.17221418234442834,360.0,1.0,Rural,N,Medium
LP001005,Male,Yes,0,Graduate,Yes,0.0352504638218924,0.0,0.0824891461649783,360.0,1.0,Urban,Y,Low
LP001006,Male,Yes,0,Not Graduate,No,0.030092764378478663,0.05659154726762186,0.1606367583212735,360.0,1.0,Urban,Y,Medium
LP001008,Male,No,0,Graduate,No,0.07235621521335807,0.0,0.19102749638205496,360.0,1.0,Urban,Y,Medium
LP001011,Male,Yes,2,Graduate,Yes,0.06514533085961657,0.100703194374445,0.3733719247467438,360.0,1.0,Urban,Y,High
LP001013,Male,Yes,0,Not Graduate,No,0.027000618429189858,0.03638370893032856,0.12445730824891461,360.0,1.0,Urban,Y,Low
LP001014,Male,Yes,3+,Graduate,No,0.03569573283858998,0.060095519235846113,0.21562952243125902,360.0,0.0,Semiurban,N,High
LP001018,Male,Yes,2,Graduate,No,0.047693259121830554,0.03662370701034392,0.23010130246020258,360.0,1.0,Urban,Y,High
LP001020,Male,Yes,1,Graduate,No,0.15696969696969698,0.2632298941608467,0.49204052098408096,360.0,1.0,Semiurban,N,High
LP001024,Male,Yes,2,Graduate,No,0.037724180581323444,0.01679986560107519,0.08827785817655572,360.0,1.0,Urban,Y,Low
LP001027,Male,Yes,2,Graduate,No,0.02906617192331478,0.04415964672282622,0.14471780028943557,360.0,1.0,Urban,Y,Low
LP001028,Male,Yes,2,Graduate,No,0.03615337043908473,0.19454244366045073,0.276410998552822,360.0,1.0,Urban,Y,High
LP001029,Male,No,0,Graduate,No,0.021063698206555348,0.0681594547243622,0.15195369030390735,360.0,1.0,Rural,N,Medium
LP001030,Male,Yes,2,Graduate,No,0.014211502782931354,0.026063791489668083,0.011577424023154847,120.0,1.0,Urban,Y,Low
LP001032,Male,No,0,Graduate,No,0.05936920222634509,0.0,0.16787264833574528,360.0,1.0,Urban,Y,Medium
LP001034,Male,No,1,Not Graduate,No,0.04262213976499691,0.0,0.13169319826338638,240.0,1.0,Urban,Y,Low
LP001036,Female,No,0,Graduate,No,0.041558441558441565,0.0,0.09696092619392185,360.0,0.0,Urban,N,Low
LP001038,Male,Yes,0,Not Graduate,No,0.05858998144712431,0.0,0.17945007235890012,360.0,1.0,Rural,N,Medium
LP001041,Male,Yes,0,Graduate,No,0.0303030303030303,0.08399932800537596,0.15340086830680172,360.0,1.0,Urban,Y,Medium
LP001043,Male,Yes,0,Not Graduate,No,0.09288806431663575,0.0,0.1374819102749638,360.0,0.0,Urban,N,Low
LP001046,Male,Yes,1,Graduate,No,0.07179962894248608,0.13499892000863994,0.4428364688856729,360.0,1.0,Urban,Y,High
LP001047,Male,Yes,0,Not Graduate,No,0.0303030303030303,0.045863633090935274,0.15484804630969606,360.0,0.0,Semiurban,N,Medium
LP001050,Male,Yes,2,Not Graduate,No,0.03976499690785405,0.04600763193894449,0.14905933429811866,360.0,0.0,Rural,N,Medium
LP001052,Male,Yes,1,Graduate,No,0.0441187384044527,0.07019943840449276,0.20549927641099852,360.0,1.0,Semiurban,N,High
LP001066,Male,Yes,0,Graduate,Yes,0.11638837353123067,0.0,0.26338639652677276,360.0,1.0,Semiurban,Y,High
LP001068,Male,Yes,0,Graduate,No,0.032764378478664195,0.05407156742746058,0.16353111432706222,360.0,1.0,Semiurban,Y,Medium
LP001073,Male,Yes,2,Not Graduate,No,0.050414347557204704,0.024959800321597427,0.14616497829232994,360.0,1.0,Urban,Y,Low
LP001086,Male,No,0,Not Graduate,No,0.01598021026592455,0.0,0.03762662807525326,360.0,1.0,Urban,N,Low
LP001087,Female,No,2,Graduate,No,0.04452690166975882,0.049991600067199465,0.1606367583212735,360.0,1.0,Semiurban,Y,Medium
LP001091,Male,Yes,1,Graduate,No,0.049672232529375394,0.08085535315717474,0.2778581765557163,360.0,1.0,Urban,N,High
LP001095,Male,No,0,Graduate,No,0.03731601731601732,0.0,0.09406657018813314,360.0,1.0,Urban,N,Low
LP001097,Male,No,1,Graduate,Yes,0.05617810760667904,0.0,0.1403762662807525,360.0,1.0,Rural,N,Low
LP001098,Male,Yes,0,Graduate,No,0.041434755720470014,0.04000767993856049,0.15195369030390735,360.0,1.0,Semiurban,Y,Medium
LP001100,Male,No,3+,Graduate,No,0.15275200989486704,0.07199942400460796,0.4500723589001447,360.0,1.0,Rural,N,High
LP001106,Male,Yes,0,Graduate,No,0.026283240568954855,0.04960760313917489,0.17221418234442834,360.0,1.0,Urban,Y,Medium
LP001109,Male,Yes,0,Graduate,No,0.02075448361162647,0.03191974464204286,0.13169319826338638,360.0,0.0,Urban,N,Low
LP001112,Female,Yes,0,Graduate,No,0.04350030921459493,0.03501571987424101,0.19536903039073802,360.0,1.0,Semiurban,Y,Medium
LP001114,Male,No,0,Graduate,No,0.049672232529375394,0.17303861569107448,0.2532561505065123,360.0,1.0,Urban,Y,High
LP001116,Male,No,0,Not Graduate,No,0.04450216450216451,0.04003167974656203,0.14616497829232994,360.0,1.0,Semiurban,Y,Low
LP001119,Male,No,0,Graduate,No,0.04267161410018554,0.0,0.10274963820549927,360.0,1.0,Urban,N,Low
LP001120,Male,No,0,Graduate,No,0.020408163265306124,0.029111767105863152,0.05499276410998552,360.0,1.0,Urban,Y,Low
LP001123,Male,Yes,0,Graduate,No,0.027829313543599257,0.0,0.0955137481910275,360.0,1.0,Urban,Y,Low
LP001131,Male,Yes,0,Graduate,No,0.04688930117501547,0.056063551491588065,0.18089725036179446,360.0,1.0,Semiurban,Y,Medium
LP001136,Male,Yes,0,Not Graduate,Yes,0.056215213358070504,0.0,0.12590448625180894,360.0,1.0,Urban,Y,Low
LP001137,Female,No,0,Graduate,No,0.04032158317872604,0.0,0.11432706222865412,360.0,1.0,Urban,Y,Low
LP001138,Male,Yes,1,Graduate,No,0.06801484230055659,0.0,0.05065123010130246,360.0,1.0,Urban,Y,Low
LP001144,Male,Yes,0,Graduate,No,0.07014223871366729,0.0,0.19536903039073802,360.0,1.0,Urban,Y,Medium
LP001146,Female,Yes,0,Graduate,No,0.03085961657390229,0.0825593395252838,0.1606367583212735,360.0,0.0,Urban,N,Medium
LP001151,Female,No,0,Graduate,No,0.04761904761904762,0.05459956320349437,0.19536903039073802,360.0,1.0,Semiurban,Y,Medium
LP001155,Female,Yes,0,Not Graduate,No,0.021991341991341992,0.039455684354525164,0.13169319826338638,360.0,1.0,Semiurban,Y,Low
LP001157,Female,No,0,Graduate,No,0.03631416202844775,0.0,0.1606367583212735,360.0,1.0,Semiurban,Y,Medium
LP001164,Female,No,0,Graduate,No,0.050463821892393325,0.0,0.14905933429811866,360.0,1.0,Semiurban,N,Medium
LP001179,Male,Yes,2,Graduate,No,0.055238095238095246,0.0,0.18089725036179446,360.0,1.0,Urban,N,Medium
LP001186,Female,Yes,1,Graduate,Yes,0.14038342609771182,0.0,0.4008683068017366,360.0,0.0,Urban,N,High
LP001194,Male,Yes,2,Graduate,No,0.03163883735312307,0.0280077759377925,0.12735166425470332,360.0,1.0,Semiurban,Y,Low
LP001195,Male,Yes,0,Graduate,No,0.02451453308596166,0.038183694530443756,0.12590448625180894,360.0,1.0,Semiurban,Y,Low
LP001197,Male,Yes,0,Graduate,No,0.03977736549165121,0.05279957760337917,0.18234442836468884,360.0,1.0,Rural,N,Medium
LP001198,Male,Yes,1,Graduate,No,0.09808286951144093,0.05399956800345597,0.24746743849493485,360.0,1.0,Urban,Y,High
LP001199,Male,Yes,2,Not Graduate,No,0.03966604823747681,0.06861545107639139,0.19536903039073802,360.0,1.0,Urban,Y,Medium
LP001205,Male,Yes,0,Graduate,No,0.02906617192331478,0.09110327117383062,0.1606367583212735,360.0,1.0,Urban,Y,Medium
LP001206,Male,Yes,3+,Graduate,No,0.0356091527520099,0.0,0.130246020260492,360.0,1.0,Urban,Y,Low
LP001207,Male,Yes,0,Not Graduate,Yes,0.030414347557204704,0.08277533779729762,0.22575976845151952,180.0,0.0,Rural,N,High
LP001213,Male,Yes,1,Graduate,No,0.059307359307359316,0.0,0.17221418234442834,360.0,0.0,Rural,N,Medium
LP001222,Female,No,0,Graduate,No,0.049672232529375394,0.0,0.15484804630969606,360.0,0.0,Semiurban,N,Medium
LP001225,Male,Yes,0,Graduate,No,0.06896722325293754,0.11027911776705786,0.3603473227206946,360.0,1.0,Semiurban,N,High
LP001228,Male,No,0,Not Graduate,No,0.037724180581323444,0.05409556723546212,0.16931982633863962,180.0,0.0,Urban,N,Medium
LP001233,Male,Yes,1,Graduate,No,0.1311069882498454,0.0,0.4384949348769898,360.0,1.0,Urban,Y,High
LP001238,Male,Yes,3+,Not Graduate,Yes,0.08596165739022882,0.0,0.16787264833574528,60.0,1.0,Urban,Y,Medium
LP001241,Female,No,0,Graduate,No,0.05132962275819419,0.0,0.18379160636758318,360.0,0.0,Semiurban,N,Medium
LP001243,Male,Yes,0,Graduate,No,0.037823129251700685,0.07358341133270933,0.23589001447178,360.0,1.0,Urban,Y,High
LP001245,Male,Yes,2,Not Graduate,Yes,0.021335807050092765,0.044999640002879975,0.12735166425470332,360.0,1.0,Semiurban,Y,Low
LP001248,Male,No,0,Graduate,No,0.041434755720470014,0.0,0.10419681620839363,300.0,1.0,Semiurban,Y,Low
LP001250,Male,Yes,3+,Not Graduate,No,0.05695732838589982,0.0,0.12445730824891461,360.0,0.0,Semiurban,N,Low
LP001253,Male,Yes,3+,Graduate,Yes,0.06327767470624614,0.042575659394724845,0.2575976845151953,360.0,1.0,Semiurban,Y,High
LP001255,Male,No,0,Graduate,No,0.04452690166975882,0.0,0.150506512301013,480.0,1.0,Urban,N,Medium
LP001256,Male,No,0,Graduate,No,0.04452690166975882,0.11399908800729594,0.24167872648335742,360.0,1.0,Urban,N,High
LP001259,Male,Yes,1,Graduate,Yes,0.010513296227581943,0.07252741978064176,0.14616497829232994,360.0,1.0,Urban,N,Low
LP001263,Male,Yes,3+,Graduate,No,0.03731601731601732,0.09599923200614395,0.24746743849493485,300.0,0.0,Semiurban,N,High
LP001264,Male,Yes,3+,Not Graduate,Yes,0.03936920222634509,0.05198358413132695,0.17510853835021706,360.0,1.0,Semiurban,Y,Medium
LP001265,Female,No,0,Graduate,No,0.04571428571428572,0.0,0.14761215629522428,360.0,1.0,Semiurban,Y,Low
LP001266,Male,Yes,1,Graduate,Yes,0.02776747062461348,0.0,0.17221418234442834,360.0,1.0,Semiurban,Y,Medium
LP001267,Female,Yes,2,Graduate,No,0.01518862090290662,0.04514363885088919,0.22865412445730823,360.0,1.0,Urban,N,High
LP001273,Male,Yes,0,Graduate,No,0.07235621521335807,0.05399956800345597,0.3704775687409551,360.0,1.0,Semiurban,N,High
LP001275,Male,Yes,1,Graduate,No,0.04747062461348176,0.0,0.059334298118668596,240.0,1.0,Urban,Y,Low
LP001279,Male,No,0,Graduate,No,0.02740878169449598,0.06074351405188758,0.18379160636758318,360.0,1.0,Semiurban,Y,Medium
LP001280,Male,Yes,2,Not Graduate,No,0.03936920222634509,0.047999616003071975,0.130246020260492,360.0,1.0,Semiurban,Y,Low
LP001282,Male,Yes,0,Graduate,No,0.02906617192331478,0.05083159334725322,0.1374819102749638,360.0,1.0,Semiurban,Y,Low
LP001289,Male,No,0,Graduate,No,0.10409400123685839,0.0,0.29088277858176553,360.0,1.0,Urban,Y,High
LP001310,Male,Yes,0,Graduate,No,0.06858379715522572,0.10000719994240047,0.24023154848046308,360.0,1.0,Semiurban,Y,High
LP001316,Male,Yes,0,Graduate,No,0.03473098330241188,0.06959944320445437,0.1765557163531114,360.0,1.0,Semiurban,Y,Medium
LP001318,Male,Yes,2,Graduate,No,0.07544836116264687,0.1356949144406845,0.25904486251808967,180.0,1.0,Semiurban,Y,High
LP001319,Male,Yes,2,Not Graduate,No,0.03862708719851578,0.0436796505627955,0.10419681620839363,360.0,1.0,Urban,Y,Low
LP001322,Male,No,0,Graduate,No,0.04926406926406927,0.0,0.16353111432706222,360.0,1.0,Semiurban,Y,Medium
LP001325,Male,No,0,Not Graduate,No,0.04291898577612864,0.0,0.023154848046309698,120.0,1.0,Semiurban,Y,Low
LP001326,Male,No,0,Graduate,No,0.08202844774273346,0.0,0.17221418234442834,360.0,1.0,Urban,N,Medium
LP001327,Female,Yes,0,Graduate,No,0.028868274582560298,0.05524755801953585,0.18523878437047755,360.0,1.0,Semiurban,Y,Medium
LP001333,Male,Yes,0,Graduate,No,0.0225974025974026,0.02392780857753138,0.059334298118668596,360.0,1.0,Semiurban,Y,Low
LP001334,Male,Yes,0,Not Graduate,No,0.04994434137291281,0.0,0.15340086830680172,180.0,1.0,Semiurban,Y,Medium
LP001343,Male,Yes,0,Graduate,No,0.01990105132962276,0.08498332013343893,0.1765557163531114,360.0,1.0,Semiurban,Y,Medium
LP001345,Male,Yes,2,Not Graduate,No,0.05118119975262833,0.07831137350901193,0.17945007235890012,180.0,1.0,Urban,Y,Medium
LP001349,Male,No,0,Graduate,No,0.05804576376004948,0.09134326925384598,0.20549927641099852,360.0,1.0,Semiurban,Y,High
LP001350,Male,Yes,0,Graduate,No,0.16697588126159554,0.0,0.17221418234442834,360.0,1.0,Urban,Y,Medium
LP001356,Male,Yes,0,Graduate,No,0.05568336425479283,0.08599131206950344,0.17221418234442834,360.0,1.0,Semiurban,Y,Medium
LP001357,Male,Yes,0,Graduate,No,0.04534322820037106,0.018095855233158136,0.21852387843704774,360.0,1.0,Urban,Y,High
LP001367,Male,Yes,1,Graduate,No,0.03589363017934447,0.024719802241582066,0.13169319826338638,360.0,1.0,Urban,Y,Low
LP001369,Male,Yes,2,Graduate,No,0.13935683364254794,0.027023783809729522,0.3125904486251809,360.0,1.0,Urban,Y,High
LP001370,Male,No,0,Not Graduate,No,0.08884353741496599,0.0,0.1606367583212735,360.0,1.0,Rural,N,Medium
LP001379,Male,Yes,2,Graduate,No,0.04514533085961658,0.08639930880552955,0.29956584659913166,360.0,0.0,Urban,N,High
LP001384,Male,Yes,3+,Not Graduate,No,0.023760049474335188,0.018095855233158136,0.12301013024602024,480.0,1.0,Semiurban,Y,Low
LP001385,Male,No,0,Graduate,No,0.0638961038961039,0.0,0.18379160636758318,360.0,1.0,Urban,Y,Medium
LP001387,Female,Yes,0,Graduate,No,0.034372294372294374,0.05599155206758346,0.18813314037626624,360.0,1.0,Semiurban,Y,Medium
LP001391,Male,Yes,0,Not Graduate,No,0.042325293753865185,0.09873521011831905,0.2069464544138929,360.0,0.0,Rural,N,High
LP001392,Female,No,1,Graduate,Yes,0.0903030303030303,0.0,0.17221418234442834,360.0,1.0,Semiurban,Y,Medium
LP001398,Male,No,0,Graduate,No,0.060606060606060615,0.0,0.15774240231548478,360.0,1.0,Semiurban,Y,Medium
LP001401,Male,Yes,1,Graduate,No,0.17851576994434137,0.0,0.25470332850940663,180.0,1.0,Rural,Y,High
LP001404,Female,Yes,0,Graduate,No,0.03731601731601732,0.054791561667506664,0.20984081041968158,360.0,1.0,Semiurban,Y,High
LP001405,Male,Yes,1,Graduate,No,0.025528756957328386,0.03355173158614731,0.10998552821997105,360.0,1.0,Urban,Y,Low
LP001421,Male,Yes,0,Graduate,No,0.06701298701298701,0.051407588739290085,0.24023154848046308,360.0,1.0,Rural,N,High
LP001422,Female,No,0,Graduate,No,0.12687693259121832,0.0,0.361794500723589,360.0,1.0,Urban,Y,High
LP001426,Male,Yes,0,Graduate,No,0.06823747680890538,0.06400748794009647,0.24746743849493485,360.0,1.0,Rural,Y,High
LP001430,Female,No,0,Graduate,No,0.049672232529375394,0.0,0.05065123010130246,360.0,1.0,Semiurban,Y,Low
LP001431,Female,No,0,Graduate,No,0.024576376004947435,0.21551827585379318,0.18523878437047755,360.0,0.0,Semiurban,Y,Medium
LP001432,Male,Yes,2,Graduate,No,0.034718614718614725,0.0,0.10419681620839363,360.0,1.0,Semiurban,Y,Low
LP001439,Male,Yes,0,Not Graduate,No,0.05132962275819419,0.04833561331509348,0.26772793053545585,360.0,1.0,Rural,Y,High
LP001443,Female,No,0,Graduate,No,0.04380952380952381,0.0,0.1215629522431259,360.0,1.0,Rural,Y,Low
LP001448,Male,Yes,3+,Graduate,No,0.2925541125541126,0.0,0.5224312590448625,360.0,1.0,Rural,Y,High
LP001449,Male,No,0,Graduate,No,0.04594928880643167,0.03935968512251902,0.17221418234442834,360.0,1.0,Rural,Y,Medium
LP001451,Male,Yes,1,Graduate,Yes,0.1281756338899196,0.09239926080591356,0.21852387843704774,180.0,0.0,Urban,N,High
LP001465,Male,Yes,0,Graduate,No,0.07334570191713048,0.06165550675594595,0.25036179450072354,360.0,1.0,Rural,N,High
LP001469,Male,No,0,Graduate,Yes,0.247569573283859,0.0,0.9276410998552822,480.0,1.0,Urban,Y,High
LP001473,Male,No,0,Graduate,No,0.02305504019789734,0.04629562963496292,0.09406657018813314,360.0,1.0,Urban,Y,Low
LP001478,Male,No,0,Graduate,No,0.03176252319109463,0.0,0.08827785817655572,360.0,1.0,Semiurban,Y,Low
LP001482,Male,Yes,0,Graduate,Yes,0.040927643784786645,0.0,0.023154848046309698,120.0,1.0,Semiurban,Y,Low
LP001487,Male,No,0,Graduate,No,0.05868893011750155,0.0,0.1345875542691751,360.0,1.0,Semiurban,Y,Low
LP001488,Male,Yes,3+,Graduate,No,0.04761904761904762,0.1859985120119039,0.406657018813314,360.0,1.0,Semiurban,N,High
LP001489,Female,Yes,0,Graduate,No,0.05482993197278912,0.0,0.1085383502170767,360.0,1.0,Rural,N,Low
LP001491,Male,Yes,2,Graduate,Yes,0.03915893630179345,0.08399932800537596,0.11432706222865412,360.0,1.0,Urban,Y,Low
LP001492,Male,No,0,Graduate,No,0.18366110080395795,0.0,0.3371924746743849,360.0,0.0,Semiurban,N,High
LP001493,Male,Yes,2,Not Graduate,No,0.05009276437847867,0.03431972544219646,0.17366136034732269,360.0,1.0,Rural,N,Medium
LP001497,Male,Yes,2,Graduate,No,0.06050711193568337,0.049991600067199465,0.25470332850940663,360.0,1.0,Rural,N,High
LP001498,Male,No,0,Graduate,No,0.06514533085961657,0.0,0.23010130246020258,360.0,1.0,Urban,Y,High
LP001504,Male,No,0,Graduate,Yes,0.08410636982065553,0.0,0.24023154848046308,180.0,1.0,Semiurban,Y,High
LP001507,Male,Yes,0,Graduate,No,0.03151515151515152,0.0488156094751242,0.16353111432706222,360.0,1.0,Semiurban,Y,Medium
LP001508,Male,Yes,2,Graduate,No,0.1435621521335807,0.0,0.2575976845151953,180.0,1.0,Urban,Y,High
LP001514,Female,Yes,0,Graduate,No,0.026963512677798392,0.10766313869489044,0.13169319826338638,360.0,1.0,Semiurban,Y,Low
LP001516,Female,Yes,2,Graduate,No,0.1820160791589363,0.0,0.08827785817655572,360.0,1.0,Urban,Y,Low
LP001518,Male,Yes,1,Graduate,No,0.017167594310451454,0.03419972640218878,0.030390738060781478,360.0,1.0,Urban,Y,Low
LP001519,Female,No,0,Graduate,No,0.12183055040197897,0.03998368013055895,0.3125904486251809,360.0,1.0,Rural,N,High
LP001520,Male,Yes,0,Graduate,No,0.05825602968460112,0.01991984064127487,0.16787264833574528,360.0,1.0,Semiurban,Y,Medium
LP001528,Male,No,0,Graduate,No,0.07578231292517007,0.0,0.15774240231548478,360.0,0.0,Rural,N,Medium
LP001529,Male,Yes,0,Graduate,Yes,0.03001855287569573,0.08999928000575995,0.2069464544138929,360.0,1.0,Rural,Y,High
LP001531,Male,No,0,Graduate,No,0.11151515151515151,0.0,0.34008683068017365,360.0,1.0,Urban,N,High
LP001532,Male,Yes,2,Not Graduate,No,0.026357452071737786,0.0,0.150506512301013,360.0,1.0,Rural,N,Medium
LP001535,Male,No,0,Graduate,No,0.03839208410636982,0.0,0.059334298118668596,360.0,1.0,Urban,Y,Low
LP001536,Male,Yes,3+,Graduate,No,0.4928756957328386,0.0,0.8552821997105644,180.0,0.0,Semiurban,Y,High
LP001541,Male,Yes,1,Graduate,No,0.07235621521335807,0.0,0.21852387843704774,360.0,1.0,Rural,Y,High
LP001543,Male,Yes,1,Graduate,No,0.11611626468769326,0.0,0.2575976845151953,360.0,1.0,Urban,Y,High
LP001546,Male,No,0,Graduate,No,0.035003092145949294,0.049991600067199465,0.1606367583212735,360.0,1.0,Rural,Y,Medium
LP001552,Male,Yes,0,Graduate,No,0.05482993197278912,0.13499892000863994,0.35600578871201155,360.0,1.0,Semiurban,Y,High
LP001560,Male,Yes,0,Not Graduate,No,0.021187384044526903,0.024983800129598964,0.12879884225759766,360.0,1.0,Semiurban,Y,Low
LP001562,Male,Yes,0,Graduate,No,0.09626468769325912,0.0,0.38494934876989867,360.0,1.0,Urban,N,High
LP001565,Male,Yes,1,Graduate,No,0.036351267779839214,0.030719754241966064,0.16208393632416784,360.0,0.0,Semiurban,N,Medium
LP001570,Male,Yes,2,Graduate,No,0.04968460111317255,0.03472772217822257,0.21562952243125902,360.0,1.0,Rural,Y,High
LP001572,Male,Yes,0,Graduate,No,0.1134570191713049,0.0,0.0955137481910275,180.0,1.0,Urban,Y,Low
LP001574,Male,Yes,0,Graduate,No,0.04399505256648114,0.07598339213286294,0.25036179450072354,360.0,1.0,Rural,Y,High
LP001577,Female,Yes,0,Graduate,No,0.05482993197278912,0.0,0.14905933429811866,360.0,1.0,Rural,N,Medium
LP001578,Male,Yes,0,Graduate,No,0.028311688311688312,0.07999136006911944,0.17366136034732269,360.0,1.0,Rural,Y,Medium
LP001579,Male,No,0,Graduate,No,0.025813234384662955,0.0,0.07814761215629522,480.0,0.0,Semiurban,N,Low
LP001580,Male,Yes,2,Graduate,No,0.09709338280766852,0.0,0.276410998552822,360.0,1.0,Semiurban,Y,High
LP001581,Male,Yes,0,Not Graduate,No,0.020655534941249228,0.042455660354717165,0.12445730824891461,360.0,1.0,Rural,Y,Low
LP001585,Male,Yes,3+,Graduate,No,0.6383797155225727,0.0,1.0,300.0,1.0,Urban,Y,High
LP001586,Male,Yes,3+,Not Graduate,No,0.04170686456400743,0.0,0.10419681620839363,180.0,1.0,Rural,N,Low
LP001594,Male,Yes,0,Graduate,No,0.06874458874458875,0.13499892000863994,0.2575976845151953,360.0,1.0,Semiurban,Y,High
LP001603,Male,Yes,0,Not Graduate,Yes,0.05187384044526902,0.017663858689130486,0.11287988422575977,360.0,1.0,Semiurban,N,Low
LP001606,Male,Yes,0,Graduate,No,0.04139764996907855,0.04713562291501668,0.15484804630969606,360.0,1.0,Rural,Y,Medium
LP001608,Male,Yes,2,Graduate,No,0.023438466295609153,0.03885568915448676,0.13314037626628072,360.0,1.0,Rural,Y,Low
LP001610,Male,Yes,3+,Graduate,No,0.06636982065553494,0.2711978304173567,0.703328509406657,360.0,0.0,Semiurban,N,High
LP001616,Male,Yes,1,Graduate,No,0.04452690166975882,0.0,0.15484804630969606,360.0,1.0,Semiurban,Y,Medium
LP001630,Male,No,0,Not Graduate,No,0.027000618429189858,0.03482372141022872,0.1345875542691751,480.0,0.0,Urban,N,Low
LP001633,Male,Yes,1,Graduate,No,0.07730364873222016,0.17399860801113592,0.24746743849493485,360.0,0.0,Urban,N,High
LP001634,Male,No,0,Graduate,No,0.02184291898577613,0.1215110279117767,0.08393632416787264,360.0,1.0,Rural,N,Low
LP001636,Male,Yes,0,Graduate,No,0.05504019789734076,0.0,0.09261939218523878,180.0,1.0,Semiurban,Y,Low
LP001637,Male,Yes,1,Graduate,No,0.4167717996289425,0.0,0.36324167872648333,360.0,1.0,Semiurban,N,High
LP001639,Female,Yes,0,Graduate,No,0.042980828695114416,0.0,0.14327062228654122,360.0,1.0,Semiurban,Y,Low
LP001640,Male,Yes,0,Graduate,Yes,0.4823376623376624,0.11399908800729594,0.1606367583212735,360.0,1.0,Semiurban,Y,Medium
LP001641,Male,Yes,1,Graduate,Yes,0.025083487940630797,0.0,0.0824891461649783,300.0,0.0,Rural,N,Low
LP001643,Male,Yes,0,Graduate,No,0.02761904761904762,0.05131158950728394,0.07091172214182344,360.0,1.0,Rural,Y,Low
LP001644,Male,Yes,0,Graduate,Yes,0.006481137909709338,0.12710298317613458,0.23010130246020258,360.0,1.0,Rural,Y,High
LP001647,Male,Yes,0,Graduate,No,0.11351886209029066,0.0,0.25904486251808967,180.0,1.0,Rural,Y,High
LP001653,Male,No,0,Not Graduate,No,0.05856524427953,0.0,0.05643994211287988,360.0,1.0,Rural,Y,Low
LP001656,Male,No,0,Graduate,No,0.14656771799628943,0.0,0.22431259044862514,360.0,1.0,Semiurban,N,High
LP001657,Male,Yes,0,Not Graduate,No,0.0727643784786642,0.0,0.21852387843704774,360.0,1.0,Urban,N,High
LP001658,Male,No,0,Graduate,No,0.04586270871985158,0.0,0.09696092619392185,360.0,1.0,Semiurban,Y,Low
LP001664,Male,No,0,Graduate,No,0.049981447124304273,0.0,0.1606367583212735,360.0,1.0,Rural,Y,Medium
LP001665,Male,Yes,1,Graduate,No,0.0367965367965368,0.061991504067967454,0.2329956584659913,360.0,1.0,Semiurban,N,High
LP001666,Male,No,0,Graduate,No,0.10121212121212121,0.08999928000575995,0.2575976845151953,360.0,1.0,Rural,Y,High
LP001669,Female,No,0,Not Graduate,No,0.02173160173160173,0.05675954592363261,0.1606367583212735,360.0,1.0,Urban,Y,Medium
LP001671,Female,Yes,0,Graduate,No,0.04039579468150897,0.06758345933232535,0.150506512301013,360.0,1.0,Semiurban,Y,Medium
LP001673,Male,No,0,Graduate,Yes,0.1341991341991342,0.0,0.10709117221418234,360.0,1.0,Urban,N,Low
LP001674,Male,Yes,1,Not Graduate,No,0.0303030303030303,0.05999952000383997,0.11722141823444283,360.0,1.0,Semiurban,Y,Low
LP001677,Male,No,2,Graduate,No,0.059035250463821895,0.0,0.22720694645441386,360.0,0.0,Semiurban,Y,High
LP001682,Male,Yes,3+,Not Graduate,No,0.04752009894867038,0.0,0.17221418234442834,180.0,1.0,Urban,N,Medium
LP001688,Male,Yes,1,Not Graduate,No,0.041434755720470014,0.025991792065663474,0.18234442836468884,360.0,1.0,Urban,Y,Medium
LP001691,Male,Yes,2,Not Graduate,No,0.04659245516388374,0.0,0.1664254703328509,360.0,1.0,Semiurban,Y,Medium
LP001692,Female,No,0,Not Graduate,No,0.05266542980828696,0.0,0.1606367583212735,360.0,1.0,Semiurban,Y,Medium
LP001693,Female,No,0,Graduate,No,0.03826839826839827,0.0,0.10274963820549927,360.0,1.0,Urban,Y,Low
LP001698,Male,No,0,Not Graduate,No,0.047309833024118744,0.06074351405188758,0.06657018813314038,360.0,1.0,Rural,Y,Low
LP001699,Male,No,0,Graduate,No,0.028806431663574522,0.0,0.0723589001447178,360.0,1.0,Urban,Y,Low
LP001702,Male,No,0,Graduate,No,0.04042053184910328,0.0,0.170767004341534,360.0,1.0,Semiurban,N,Medium
LP001708,Female,No,0,Graduate,No,0.12183055040197897,0.0,0.29667149059334297,360.0,1.0,Semiurban,N,High
LP001711,Male,Yes,3+,Graduate,No,0.040568954854669145,0.029999760001919985,0.17221418234442834,360.0,0.0,Semiurban,N,Medium
LP001713,Male,Yes,1,Graduate,Yes,0.09445887445887446,0.0,0.3342981186685962,360.0,1.0,Urban,Y,High
LP001715,Male,Yes,3+,Not Graduate,Yes,0.06868274582560296,0.0,0.17510853835021706,360.0,1.0,Rural,Y,Medium
LP001716,Male,Yes,0,Graduate,No,0.037390228818800254,0.07250341997264022,0.18523878437047755,360.0,1.0,Urban,Y,Medium
LP001720,Male,Yes,3+,Not Graduate,No,0.04576376004947434,0.023591811265509875,0.13169319826338638,360.0,1.0,Semiurban,Y,Low
LP001722,Male,Yes,0,Graduate,No,0.0,0.04319965440276478,0.18234442836468884,360.0,1.0,Rural,N,Medium
LP001726,Male,Yes,0,Graduate,No,0.04424242424242425,0.042599659202726375,0.1765557163531114,360.0,1.0,Semiurban,Y,Medium
LP001732,Male,Yes,2,Graduate,No,0.05998763141620285,0.0,0.09117221418234442,360.0,0.0,Semiurban,N,Low
LP001734,Female,Yes,2,Graduate,No,0.051119356833642556,0.057191542467660256,0.170767004341534,360.0,1.0,Semiurban,Y,Medium
LP001736,Male,Yes,0,Graduate,No,0.025615337043908473,0.0,0.07380607814761216,360.0,0.0,Urban,N,Low
LP001743,Male,Yes,2,Graduate,No,0.04773036487322202,0.041207670338637294,0.15484804630969606,360.0,1.0,Semiurban,Y,Medium
LP001744,Male,No,0,Graduate,No,0.0348917748917749,0.06698346413228694,0.19536903039073802,360.0,1.0,Semiurban,Y,Medium
LP001749,Male,Yes,0,Graduate,No,0.09187384044526901,0.024239806081551348,0.24023154848046308,360.0,1.0,Semiurban,Y,High
LP001750,Male,Yes,0,Graduate,No,0.07544836116264687,0.0,0.17221418234442834,360.0,1.0,Semiurban,Y,Medium
LP001751,Male,Yes,0,Graduate,No,0.0383426097711812,0.0,0.2329956584659913,360.0,1.0,Rural,N,High
LP001754,Male,Yes,0,Not Graduate,Yes,0.05670995670995672,0.0,0.1866859623733719,360.0,1.0,Urban,N,Medium
LP001758,Male,Yes,2,Graduate,No,0.07544836116264687,0.0406796745626035,0.29088277858176553,360.0,1.0,Semiurban,Y,High
LP001760,Male,Yes,0,Graduate,No,0.056994434137291286,0.0,0.21562952243125902,480.0,1.0,Semiurban,Y,High
LP001761,Male,No,0,Graduate,Yes,0.07730364873222016,0.0,0.276410998552822,360.0,1.0,Rural,Y,High
LP001765,Male,Yes,1,Graduate,No,0.028954854669140384,0.04929560563515492,0.1374819102749638,360.0,1.0,Semiurban,Y,Low
LP001768,Male,Yes,0,Graduate,No,0.04410636982065554,0.0,0.04775687409551375,180.0,1.0,Rural,Y,Low
LP001770,Male,No,0,Not Graduate,No,0.03758812615955474,0.062351501187990495,0.1606367583212735,360.0,1.0,Rural,Y,Medium
LP001776,Female,No,0,Graduate,No,0.10121212121212121,0.0,0.39218523878437045,360.0,1.0,Semiurban,Y,High
LP001778,Male,Yes,1,Graduate,No,0.037167594310451454,0.042695658434732525,0.18958031837916062,360.0,1.0,Semiurban,Y,Medium
LP001784,Male,Yes,1,Graduate,No,0.06617192331478046,0.030239758081935346,0.2329956584659913,360.0,1.0,Rural,Y,High
LP001786,Male,Yes,0,Graduate,No,0.06921459492888064,0.0,0.35600578871201155,360.0,1.0,Urban,N,High
LP001788,Female,No,0,Graduate,Yes,0.040977118119975266,0.0,0.16353111432706222,360.0,1.0,Urban,Y,Medium
LP001790,Female,No,1,Graduate,No,0.04529375386518244,0.0,0.14905933429811866,360.0,1.0,Rural,Y,Medium
LP001792,Male,Yes,1,Graduate,No,0.039146567717996295,0.0,0.12590448625180894,360.0,1.0,Semiurban,Y,Low
LP001798,Male,Yes,2,Graduate,No,0.07011750154607298,0.11999904000767994,0.1606367583212735,360.0,1.0,Rural,Y,Medium
LP001800,Male,Yes,1,Not Graduate,No,0.029189857761286332,0.047591619267045866,0.18958031837916062,180.0,1.0,Urban,N,Medium
LP001806,Male,No,0,Graduate,No,0.034817563388991966,0.13682290541675668,0.21128798842257596,60.0,1.0,Urban,Y,High
LP001807,Male,Yes,2,Graduate,Yes,0.07544836116264687,0.031199750401996785,0.14327062228654122,360.0,1.0,Rural,Y,Low
LP001811,Male,Yes,0,Not Graduate,No,0.04027210884353742,0.10600715194278446,0.16497829232995656,360.0,1.0,Semiurban,Y,Medium
LP001813,Male,No,0,Graduate,Yes,0.07297464440321583,0.10399116807065543,0.1606367583212735,180.0,1.0,Urban,N,Medium
LP001814,Male,Yes,2,Graduate,No,0.11815708101422387,0.0,0.14905933429811866,360.0,1.0,Urban,Y,Medium
LP001819,Male,Yes,1,Not Graduate,No,0.07987631416202845,0.0,0.18523878437047755,180.0,1.0,Urban,Y,Medium
LP001824,Male,Yes,1,Graduate,No,0.03379097093382808,0.044231646146830825,0.16497829232995656,480.0,1.0,Semiurban,Y,Medium
LP001825,Male,Yes,0,Graduate,No,0.02051948051948052,0.044831641346869226,0.11722141823444283,360.0,1.0,Urban,Y,Low
LP001835,Male,Yes,0,Not Graduate,No,0.018775510204081632,0.093359253125975,0.2778581765557163,360.0,0.0,Semiurban,N,High
LP001836,Female,No,2,Graduate,No,0.04053184910327768,0.0,0.1866859623733719,360.0,1.0,Urban,N,Medium
LP001841,Male,No,0,Not Graduate,Yes,0.030092764378478663,0.052007583939328486,0.1374819102749638,360.0,1.0,Rural,Y,Low
LP001843,Male,Yes,1,Not Graduate,No,0.031057513914656772,0.17042263661890705,0.3907380607814761,180.0,1.0,Semiurban,Y,High
LP001844,Male,No,0,Graduate,Yes,0.19913419913419914,0.0,0.2648335745296671,360.0,0.0,Urban,N,High
LP001846,Female,No,3+,Graduate,No,0.03627705627705628,0.0,0.35600578871201155,360.0,1.0,Rural,Y,High
LP001849,Male,No,0,Not Graduate,No,0.07291280148423006,0.0,0.15340086830680172,360.0,0.0,Rural,N,Medium
LP001854,Male,Yes,3+,Graduate,No,0.06307977736549165,0.0,0.12301013024602024,360.0,1.0,Urban,N,Low
LP001859,Male,Yes,0,Graduate,No,0.1797526283240569,0.050399596803225574,0.426917510853835,360.0,1.0,Rural,N,High
LP001864,Male,Yes,3+,Not Graduate,No,0.05913419913419914,0.0,0.17221418234442834,360.0,1.0,Semiurban,N,Medium
LP001865,Male,Yes,1,Graduate,No,0.07338280766852195,0.10199918400652795,0.46454413892908825,360.0,1.0,Urban,Y,High
LP001868,Male,No,0,Graduate,No,0.02362399505256648,0.053015575875392996,0.18089725036179446,360.0,1.0,Semiurban,Y,Medium
LP001870,Female,No,1,Graduate,No,0.04119975262832406,0.0,0.21128798842257596,36.0,1.0,Semiurban,N,High
LP001871,Female,No,0,Graduate,No,0.08719851576994435,0.0,0.1606367583212735,360.0,1.0,Rural,Y,Medium
LP001872,Male,No,0,Graduate,Yes,0.062040816326530614,0.0,0.17221418234442834,360.0,1.0,Semiurban,Y,Medium
LP001875,Male,No,0,Graduate,No,0.04879406307977737,0.08272733818129455,0.20549927641099852,360.0,1.0,Rural,Y,High
LP001877,Male,Yes,2,Graduate,No,0.05637600494743353,0.033287733698130414,0.20405209840810418,360.0,1.0,Semiurban,Y,Medium
LP001882,Male,Yes,3+,Graduate,No,0.051737786023500314,0.043463652290781675,0.21852387843704774,360.0,0.0,Urban,Y,High
LP001883,Female,No,0,Graduate,No,0.04042053184910328,0.0,0.18234442836468884,360.0,1.0,Rural,N,Medium
LP001884,Female,No,1,Graduate,No,0.03371675943104515,0.03743970048239614,0.11722141823444283,360.0,1.0,Urban,Y,Low
LP001888,Female,No,0,Graduate,No,0.038181818181818185,0.0,0.030390738060781478,360.0,1.0,Urban,Y,Low
LP001891,Male,Yes,0,Graduate,No,0.13600494743351887,0.0,0.18379160636758318,360.0,1.0,Urban,Y,Medium
LP001892,Male,No,0,Graduate,No,0.03318491032776748,0.04456764345885233,0.16931982633863962,360.0,1.0,Rural,Y,Medium
LP001894,Male,Yes,0,Graduate,No,0.03055040197897341,0.0533515731874145,0.20405209840810418,360.0,1.0,Semiurban,Y,Medium
LP001896,Male,Yes,2,Graduate,No,0.0463821892393321,0.0,0.11722141823444283,360.0,1.0,Semiurban,Y,Low
LP001900,Male,Yes,1,Graduate,No,0.03215831787260359,0.04420764633882929,0.15340086830680172,360.0,1.0,Semiurban,Y,Medium
LP001903,Male,Yes,0,Graduate,No,0.04753246753246754,0.07857537139702882,0.28654124457308244,360.0,1.0,Semiurban,Y,High
LP001904,Male,Yes,0,Graduate,No,0.036524427952999386,0.031199750401996785,0.10274963820549927,360.0,1.0,Urban,Y,Low
LP001907,Male,Yes,0,Graduate,No,0.17851576994434137,0.0,0.61794500723589,360.0,1.0,Semiurban,Y,High
LP001908,Female,Yes,0,Not Graduate,No,0.04885590599876315,0.0,0.1664254703328509,360.0,1.0,Rural,Y,Medium
LP001910,Male,No,1,Not Graduate,Yes,0.048274582560296854,0.058223534211726304,0.21562952243125902,360.0,0.0,Urban,N,High
LP001914,Male,Yes,0,Graduate,No,0.04671614100185529,0.01919984640122879,0.14905933429811866,360.0,1.0,Semiurban,Y,Medium
LP001915,Male,Yes,2,Graduate,No,0.026604823747680893,0.02365901043511652,0.09985528219971056,180.0,1.0,Urban,Y,Low
LP001917,Female,No,0,Graduate,No,0.02054421768707483,0.03998368013055895,0.06512301013024602,360.0,1.0,Urban,Y,Low
LP001922,Male,Yes,0,Graduate,No,0.2537662337662338,0.0,0.17221418234442834,360.0,1.0,Rural,N,Medium
LP001924,Male,No,0,Graduate,No,0.03720470006184293,0.07327141382868937,0.11577424023154846,360.0,1.0,Rural,Y,Low
LP001925,Female,No,0,Graduate,Yes,0.0303030303030303,0.041207670338637294,0.130246020260492,300.0,1.0,Semiurban,N,Low
LP001926,Male,Yes,0,Graduate,No,0.043957946815089674,0.047999616003071975,0.1606367583212735,360.0,1.0,Rural,Y,Medium
LP001931,Female,No,0,Graduate,No,0.04915275200989487,0.0,0.15340086830680172,360.0,1.0,Semiurban,Y,Medium
LP001935,Male,No,0,Graduate,No,0.1157452071737786,0.0,0.2575976845151953,360.0,1.0,Rural,Y,High
LP001936,Male,Yes,0,Graduate,No,0.03617810760667904,0.05798353613171095,0.18813314037626624,360.0,1.0,Rural,Y,Medium
LP001938,Male,Yes,2,Graduate,No,0.05256648113790972,0.0,0.170767004341534,360.0,0.0,Semiurban,N,Medium
LP001940,Male,Yes,2,Graduate,No,0.037142857142857144,0.03743970048239614,0.18089725036179446,360.0,1.0,Urban,Y,Medium
LP001945,Female,No,0,Graduate,No,0.06514533085961657,0.0,0.19392185238784368,480.0,0.0,Urban,N,Medium
LP001947,Male,Yes,0,Graduate,No,0.02761904761904762,0.08001535987712098,0.23589001447178,360.0,1.0,Semiurban,Y,High
LP001949,Male,Yes,3+,Graduate,No,0.0527643784786642,0.029999760001919985,0.14616497829232994,360.0,1.0,Urban,Y,Low
LP001953,Male,Yes,1,Graduate,No,0.0831787260358689,0.0,0.276410998552822,360.0,1.0,Semiurban,Y,High
LP001954,Female,Yes,1,Graduate,No,0.055856524427953004,0.0,0.18234442836468884,360.0,1.0,Urban,Y,Medium
LP001955,Female,No,0,Graduate,No,0.05998763141620285,0.060983512131902944,0.20549927641099852,480.0,1.0,Rural,N,High
LP001963,Male,Yes,1,Graduate,No,0.02305504019789734,0.07019943840449276,0.150506512301013,360.0,1.0,Urban,N,Medium
LP001964,Male,Yes,0,Not Graduate,No,0.020408163265306124,0.07041543667650658,0.1215629522431259,360.0,0.0,Urban,N,Low
LP001972,Male,Yes,0,Not Graduate,No,0.033704390847247995,0.04199966400268798,0.13892908827785816,360.0,1.0,Semiurban,Y,Low
LP001974,Female,No,0,Graduate,No,0.05998763141620285,0.0,0.17800289435600578,360.0,1.0,Rural,Y,Medium
LP001977,Male,Yes,1,Graduate,No,0.018243661100803957,0.04327165382676939,0.12590448625180894,360.0,1.0,Urban,Y,Low
LP001978,Male,No,0,Graduate,No,0.04761904761904762,0.05999952000383997,0.18958031837916062,360.0,1.0,Rural,Y,Medium
LP001990,Male,No,0,Not Graduate,No,0.022881880024737167,0.0,0.17221418234442834,360.0,1.0,Urban,N,Medium
LP001993,Female,No,0,Graduate,No,0.04467532467532468,0.03998368013055895,0.18234442836468884,360.0,1.0,Rural,Y,Medium
LP001994,Female,No,0,Graduate,No,0.027829313543599257,0.044711642306861546,0.1374819102749638,360.0,0.0,Urban,N,Low
LP001996,Male,No,0,Graduate,No,0.24839826839826842,0.0,0.6816208393632417,360.0,1.0,Rural,N,High
LP001998,Male,Yes,2,Not Graduate,No,0.09297464440321583,0.0,0.25470332850940663,360.0,1.0,Rural,Y,High
LP002002,Female,No,0,Graduate,No,0.03422387136672851,0.0,0.1085383502170767,360.0,1.0,Semiurban,Y,Low
LP002004,Male,No,0,Not Graduate,No,0.03434755720470006,0.05771953824369405,0.14761215629522428,360.0,1.0,Semiurban,Y,Low
LP002006,Female,No,0,Graduate,No,0.029152752009894867,0.0,0.06801736613603473,360.0,1.0,Rural,Y,Low
LP002008,Male,Yes,2,Graduate,Yes,0.06921459492888064,0.0,0.19536903039073802,84.0,1.0,Rural,Y,Medium
LP002024,Male,Yes,0,Graduate,No,0.02873222016079159,0.044231646146830825,0.21707670043415336,360.0,1.0,Rural,N,High
LP002031,Male,Yes,1,Not Graduate,No,0.040185528756957335,0.03935968512251902,0.14761215629522428,180.0,1.0,Urban,Y,Low
LP002035,Male,Yes,2,Graduate,No,0.0441187384044527,0.0,0.1606367583212735,360.0,1.0,Semiurban,Y,Medium
LP002036,Male,Yes,0,Graduate,No,0.02359925788497217,0.0512155902752778,0.11432706222865412,360.0,1.0,Urban,Y,Low
LP002043,Female,No,1,Graduate,No,0.041941867656153375,0.0,0.14905933429811866,360.0,1.0,Semiurban,Y,Medium
LP002050,Male,Yes,1,Graduate,Yes,0.12183055040197897,0.0,0.21128798842257596,360.0,1.0,Rural,N,High
LP002051,Male,Yes,0,Graduate,No,0.027829313543599257,0.052007583939328486,0.15340086830680172,360.0,1.0,Semiurban,Y,Medium
LP002053,Male,Yes,3+,Graduate,No,0.05184910327767471,0.004535963712290302,0.1664254703328509,360.0,1.0,Semiurban,Y,Medium
LP002054,Male,Yes,2,Not Graduate,No,0.04268398268398269,0.03815969472244222,0.17221418234442834,360.0,1.0,Rural,Y,Medium
LP002055,Female,No,0,Graduate,No,0.03730364873222017,0.07163942688458493,0.17800289435600578,360.0,1.0,Rural,Y,Medium
LP002065,Male,Yes,3+,Graduate,No,0.1836734693877551,0.0,0.42112879884225757,360.0,1.0,Rural,Y,High
LP002067,Male,Yes,1,Graduate,Yes,0.1053308596165739,0.11959104327165383,0.5311143270622286,360.0,0.0,Rural,N,High
LP002068,Male,No,0,Graduate,No,0.058961038961038964,0.0,0.17510853835021706,360.0,0.0,Rural,Y,Medium
LP002082,Male,Yes,0,Graduate,Yes,0.07010513296227582,0.05183958528331773,0.2532561505065123,360.0,1.0,Semiurban,Y,High
LP002086,Female,Yes,0,Graduate,No,0.051737786023500314,0.058823529411764705,0.14616497829232994,360.0,1.0,Urban,N,Low
LP002087,Female,No,0,Graduate,No,0.02906617192331478,0.0,0.08393632416787264,360.0,1.0,Urban,Y,Low
LP002097,Male,No,1,Graduate,No,0.052368583797155234,0.04303165574675403,0.15629522431259044,360.0,1.0,Urban,Y,Medium
LP002098,Male,No,0,Graduate,No,0.03444650587507731,0.0,0.12879884225759766,360.0,1.0,Semiurban,Y,Low
LP002100,Male,No,0,Graduate,No,0.03318491032776748,0.0,0.08972503617945007,360.0,1.0,Urban,Y,Low
LP002101,Male,Yes,0,Graduate,No,0.7815337043908472,0.0,0.6960926193921853,180.0,1.0,Urban,Y,High
LP002103,Male,Yes,1,Graduate,Yes,0.11976499690785405,0.043991648066815464,0.25036179450072354,180.0,1.0,Urban,Y,High
LP002106,Male,Yes,0,Graduate,Yes,0.06620902906617192,0.10775913792689659,0.08827785817655572,360.0,1.0,Semiurban,Y,Low
LP002110,Male,Yes,1,Graduate,No,0.06307977736549165,0.016511867905056758,0.21852387843704774,360.0,1.0,Rural,Y,High
LP002112,Male,Yes,2,Graduate,Yes,0.02906617192331478,0.11039911680706554,0.24167872648335742,360.0,1.0,Rural,Y,High
LP002113,Female,No,3+,Not Graduate,No,0.02077922077922078,0.0,0.17221418234442834,360.0,0.0,Urban,N,Medium
LP002114,Female,No,0,Graduate,No,0.04959802102659246,0.0,0.08972503617945007,360.0,1.0,Semiurban,Y,Low
LP002115,Male,Yes,3+,Not Graduate,No,0.0308843537414966,0.03808769529843761,0.23733719247467433,360.0,1.0,Rural,N,High
LP002116,Female,No,0,Graduate,No,0.027557204700061844,0.0,0.053545586107091175,360.0,1.0,Rural,N,Low
LP002119,Male,Yes,1,Not Graduate,No,0.05447124304267162,0.02949576403388773,0.21562952243125902,360.0,1.0,Urban,Y,High
LP002126,Male,Yes,3+,Not Graduate,No,0.037390228818800254,0.0,0.09406657018813314,360.0,1.0,Semiurban,Y,Low
LP002128,Male,Yes,2,Graduate,No,0.030092764378478663,0.055919552643578854,0.16787264833574528,360.0,1.0,Rural,Y,Medium
LP002129,Male,Yes,0,Graduate,No,0.029053803339517625,0.05899152806777546,0.21852387843704774,360.0,1.0,Semiurban,Y,High
LP002130,Male,Yes,0,Not Graduate,No,0.04171923314780458,0.07751937984496124,0.2069464544138929,360.0,0.0,Rural,N,High
LP002131,Male,Yes,2,Not Graduate,No,0.03627705627705628,0.052031583747330024,0.16931982633863962,360.0,1.0,Urban,Y,Medium
LP002137,Male,Yes,0,Graduate,No,0.07647495361781076,0.10999112007103944,0.361794500723589,360.0,1.0,Semiurban,Y,High
LP002138,Male,Yes,0,Graduate,No,0.030612244897959186,0.14999880000959992,0.2575976845151953,360.0,1.0,Rural,Y,High
LP002139,Male,Yes,0,Graduate,No,0.11048855905998764,0.0,0.3169319826338639,360.0,1.0,Semiurban,Y,High
LP002140,Male,No,0,Graduate,No,0.10636982065553495,0.10000719994240047,0.4327062228654124,360.0,1.0,Rural,N,High
LP002141,Male,Yes,3+,Graduate,No,0.031119356833642548,0.049991600067199465,0.12445730824891461,360.0,1.0,Rural,Y,Low
LP002142,Female,Yes,0,Graduate,Yes,0.06617192331478046,0.0,0.13892908827785816,360.0,0.0,Rural,N,Low
LP002143,Female,Yes,0,Graduate,No,0.02811379097093383,0.012119903040775674,0.17510853835021706,360.0,1.0,Semiurban,Y,Medium
LP002144,Female,No,0,Graduate,No,0.045306122448979594,0.0,0.15484804630969606,180.0,1.0,Urban,Y,Medium
LP002149,Male,Yes,2,Graduate,No,0.10121212121212121,0.07600739194086448,0.22575976845151952,360.0,1.0,Rural,Y,High
LP002151,Male,Yes,1,Graduate,No,0.04607297464440322,0.0,0.08393632416787264,360.0,1.0,Urban,N,Low
LP002158,Male,Yes,0,Not Graduate,No,0.0352504638218924,0.03998368013055895,0.13169319826338638,480.0,0.0,Urban,N,Low
LP002160,Male,Yes,3+,Graduate,No,0.062053184910327776,0.07600739194086448,0.276410998552822,360.0,1.0,Semiurban,Y,High
LP002161,Female,No,1,Graduate,No,0.056561533704390855,0.0,0.10419681620839363,360.0,1.0,Semiurban,N,Low
LP002170,Male,Yes,2,Graduate,No,0.05998763141620285,0.08800729594163247,0.3285094066570188,360.0,1.0,Semiurban,Y,High
LP002175,Male,Yes,0,Graduate,No,0.056895485466914045,0.05599155206758346,0.17510853835021706,360.0,1.0,Urban,Y,Medium
LP002178,Male,Yes,0,Graduate,No,0.035411255411255414,0.07279141766865865,0.12445730824891461,300.0,1.0,Urban,Y,Low
LP002180,Male,No,0,Graduate,Yes,0.08252319109461967,0.0,0.19102749638205496,360.0,1.0,Rural,Y,Medium
LP002181,Male,No,0,Not Graduate,No,0.0750278293135436,0.0,0.17945007235890012,360.0,1.0,Rural,N,Medium
LP002187,Male,No,0,Graduate,No,0.02906617192331478,0.0,0.12590448625180894,480.0,1.0,Semiurban,N,Low
LP002188,Male,No,0,Graduate,No,0.0615213358070501,0.0,0.1664254703328509,360.0,0.0,Rural,N,Medium
LP002190,Male,Yes,1,Graduate,No,0.07637600494743352,0.0,0.24023154848046308,360.0,1.0,Semiurban,Y,High
LP002191,Male,Yes,0,Graduate,No,0.24217687074829933,0.12638298893608851,0.8118668596237337,360.0,1.0,Rural,N,High
LP002194,Female,No,0,Graduate,Yes,0.19306122448979593,0.0,0.06657018813314038,360.0,1.0,Semiurban,Y,Low
LP002197,Male,Yes,2,Graduate,No,0.06227581941867657,0.0,0.21128798842257596,360.0,1.0,Semiurban,Y,High
LP002201,Male,Yes,2,Graduate,Yes,0.1134570191713049,0.18895048839609282,0.5369030390738061,300.0,1.0,Rural,Y,High
LP002205,Male,No,1,Graduate,No,0.036017316017316024,0.04768761849905201,0.14761215629522428,180.0,0.0,Urban,N,Low
LP002209,Female,No,0,Graduate,No,0.032331478045763765,0.03501571987424101,0.14616497829232994,360.0,1.0,Urban,Y,Low
LP002211,Male,Yes,0,Graduate,No,0.05772418058132345,0.02215182278541772,0.1606367583212735,180.0,1.0,Urban,Y,Medium
LP002219,Male,Yes,3+,Graduate,No,0.10636982065553495,0.11990304077567379,0.17510853835021706,360.0,1.0,Rural,Y,Medium
LP002223,Male,Yes,0,Graduate,No,0.051453308596165745,0.0,0.17510853835021706,360.0,1.0,Semiurban,Y,Medium
LP002224,Male,No,0,Graduate,No,0.03610389610389611,0.0,0.08972503617945007,480.0,1.0,Urban,N,Low
LP002225,Male,Yes,2,Graduate,No,0.06482374768089054,0.0,0.17510853835021706,360.0,1.0,Urban,Y,Medium
LP002226,Male,Yes,0,Graduate,No,0.03936920222634509,0.05999952000383997,0.17221418234442834,360.0,1.0,Semiurban,Y,Medium
LP002229,Male,No,0,Graduate,No,0.07162646876932591,0.1015671874625003,0.41534008683068013,360.0,1.0,Semiurban,Y,High
LP002231,Female,No,0,Graduate,No,0.07235621521335807,0.0,0.2127351664254703,360.0,1.0,Urban,Y,High
LP002234,Male,No,0,Graduate,Yes,0.08679035250463822,0.0,0.17221418234442834,360.0,1.0,Urban,Y,Medium
LP002236,Male,Yes,2,Graduate,No,0.05461966604823748,0.0,0.13169319826338638,360.0,1.0,Urban,N,Low
LP002237,Male,No,1,Graduate,No,0.04350030921459493,0.0,0.150506512301013,180.0,1.0,Urban,Y,Medium
LP002239,Male,No,0,Not Graduate,No,0.027161410018552875,0.03839969280245758,0.17800289435600578,360.0,1.0,Semiurban,Y,Medium
LP002243,Male,Yes,0,Not Graduate,No,0.03537414965986395,0.07526339789281686,0.17221418234442834,360.0,0.0,Urban,N,Medium
LP002244,Male,Yes,0,Graduate,No,0.027000618429189858,0.05800753593971248,0.18379160636758318,360.0,1.0,Urban,Y,Medium
LP002250,Male,Yes,0,Graduate,No,0.0660235003092146,0.0,0.16787264833574528,360.0,1.0,Rural,Y,Medium
LP002255,Male,No,3+,Graduate,No,0.11152752009894867,0.0,0.25470332850940663,360.0,1.0,Rural,Y,High
LP002262,Male,Yes,3+,Graduate,No,0.11569573283858998,0.0,0.38494934876989867,360.0,1.0,Rural,Y,High
LP002263,Male,Yes,0,Graduate,No,0.030092764378478663,0.050759593923248615,0.1606367583212735,360.0,1.0,Urban,Y,Medium
LP002265,Male,Yes,2,Not Graduate,No,0.02279529993815708,0.03899968800249598,0.150506512301013,180.0,1.0,Semiurban,Y,Medium
LP002266,Male,Yes,2,Graduate,No,0.03648732220160792,0.03359973120215038,0.150506512301013,360.0,1.0,Urban,Y,Medium
LP002272,Male,Yes,2,Graduate,No,0.03866419294990724,0.011615907072743419,0.18234442836468884,360.0,1.0,Semiurban,Y,Medium
LP002277,Female,No,0,Graduate,No,0.03747680890538034,0.0,0.08972503617945007,360.0,0.0,Urban,N,Low
LP002281,Male,Yes,0,Graduate,No,0.03565862708719852,0.03501571987424101,0.12445730824891461,360.0,1.0,Urban,Y,Low
LP002284,Male,No,0,Not Graduate,No,0.04640692640692641,0.03998368013055895,0.14471780028943557,360.0,1.0,Rural,Y,Low
LP002287,Female,No,0,Graduate,No,0.016697588126159554,0.04319965440276478,0.13603473227206944,360.0,0.0,Semiurban,N,Low
LP002288,Male,Yes,2,Not Graduate,No,0.03387755102040817,0.0,0.05209840810419682,180.0,0.0,Urban,N,Low
LP002296,Male,No,0,Not Graduate,No,0.03222016079158937,0.0,0.08104196816208394,300.0,1.0,Rural,N,Low
LP002297,Male,No,0,Graduate,No,0.02906617192331478,0.47999616003071977,0.13603473227206944,360.0,1.0,Semiurban,Y,Low
LP002300,Female,No,0,Not Graduate,No,0.022424242424242423,0.0,0.06367583212735166,360.0,1.0,Semiurban,Y,Low
LP002301,Female,No,0,Graduate,Yes,0.09017934446505875,0.0,0.26772793053545585,360.0,1.0,Rural,N,High
LP002305,Female,No,0,Graduate,No,0.05438466295609153,0.0,0.15340086830680172,360.0,1.0,Semiurban,Y,Medium
LP002308,Male,Yes,0,Not Graduate,No,0.02494743351886209,0.05759953920368637,0.15340086830680172,360.0,1.0,Urban,Y,Medium
LP002314,Female,No,0,Not Graduate,No,0.02551638837353123,0.0,0.0824891461649783,360.0,1.0,Rural,Y,Low
LP002315,Male,Yes,1,Graduate,No,0.10080395794681508,0.0,0.2069464544138929,300.0,0.0,Semiurban,N,High
LP002317,Male,Yes,3+,Graduate,No,1.0000000000000002,0.0,0.507959479015919,360.0,0.0,Rural,N,High
LP002318,Female,No,1,Not Graduate,Yes,0.04597402597402598,0.0,0.07670043415340086,360.0,1.0,Semiurban,N,Low
LP002319,Male,Yes,0,Graduate,No,0.0755225726654298,0.0,0.21852387843704774,360.0,1.0,Urban,Y,High
LP002328,Male,Yes,0,Not Graduate,No,0.07354359925788498,0.0,0.30246020260492035,360.0,0.0,Rural,N,High
LP002332,Male,Yes,0,Not Graduate,No,0.02601113172541744,0.04879160966712266,0.14616497829232994,360.0,1.0,Rural,Y,Low
LP002335,Female,Yes,0,Not Graduate,No,0.024724799010513297,0.07768737850097199,0.2445730824891461,360.0,0.0,Semiurban,N,High
LP002337,Female,No,0,Graduate,No,0.03518862090290662,0.0,0.07380607814761216,360.0,1.0,Urban,Y,Low
LP002341,Female,No,1,Graduate,No,0.0303030303030303,0.0,0.21852387843704774,360.0,1.0,Urban,N,High
LP002342,Male,Yes,2,Graduate,Yes,0.017934446505875078,0.47999616003071977,0.33285094066570187,360.0,1.0,Urban,N,High
LP002345,Male,Yes,0,Graduate,No,0.010822510822510824,0.06655146758825929,0.14905933429811866,360.0,1.0,Rural,Y,Medium
LP002347,Male,Yes,0,Graduate,No,0.03829313543599258,0.034007727938176496,0.1866859623733719,360.0,1.0,Semiurban,Y,Medium
LP002348,Male,Yes,0,Graduate,No,0.07024118738404453,0.0,0.1866859623733719,360.0,1.0,Rural,Y,Medium
LP002357,Female,No,0,Not Graduate,No,0.03178726035868894,0.0,0.10274963820549927,360.0,0.0,Urban,N,Low
LP002361,Male,Yes,0,Graduate,No,0.020655534941249228,0.04125566995464036,0.13169319826338638,360.0,1.0,Urban,Y,Low
LP002362,Male,Yes,1,Graduate,No,0.0878169449598021,0.04000767993856049,0.14616497829232994,360.0,0.0,Urban,N,Low
LP002364,Male,Yes,0,Graduate,No,0.1821892393320965,0.0,0.12590448625180894,360.0,1.0,Semiurban,Y,Low
LP002366,Male,Yes,0,Graduate,No,0.031119356833642548,0.10319917440660475,0.16208393632416784,360.0,1.0,Rural,Y,Medium
LP002367,Female,No,1,Not Graduate,No,0.055114409400123694,0.0,0.10419681620839363,360.0,1.0,Rural,N,Low
LP002368,Male,Yes,2,Graduate,No,0.07155225726654298,0.0,0.17945007235890012,360.0,1.0,Semiurban,Y,Medium
LP002369,Male,Yes,0,Graduate,No,0.03426097711811998,0.0003868769251445988,0.11287988422575977,360.0,1.0,Rural,Y,Low
LP002370,Male,No,0,Not Graduate,No,0.03175015460729747,0.0,0.07380607814761216,180.0,1.0,Urban,Y,Low
LP002377,Female,No,1,Graduate,Yes,0.10481137909709339,0.0,0.20405209840810418,360.0,1.0,Semiurban,Y,Medium
LP002379,Male,No,0,Graduate,No,0.07854050711193568,0.0,0.13892908827785816,360.0,0.0,Rural,N,Low
LP002386,Male,No,0,Graduate,No,0.1574025974025974,0.0,0.573082489146165,360.0,1.0,Semiurban,Y,High
LP002387,Male,Yes,0,Graduate,No,0.02813852813852814,0.056159550723594215,0.19392185238784368,360.0,1.0,Semiurban,Y,Medium
LP002390,Male,No,0,Graduate,No,0.04452690166975882,0.0,0.13169319826338638,360.0,1.0,Urban,Y,Low
LP002393,Female,Yes,0,Graduate,No,0.12241187384044527,0.0,0.17221418234442834,240.0,1.0,Semiurban,Y,Medium
LP002398,Male,No,0,Graduate,No,0.021966604823747682,0.04442364461084311,0.059334298118668596,360.0,1.0,Semiurban,Y,Low
LP002401,Male,Yes,0,Graduate,No,0.02551638837353123,0.026999784001727985,0.17221418234442834,360.0,1.0,Urban,Y,Medium
LP002403,Male,No,0,Graduate,Yes,0.12697588126159556,0.0,0.2575976845151953,360.0,0.0,Urban,N,High
LP002407,Female,Yes,0,Not Graduate,Yes,0.08648113790970934,0.0,0.1866859623733719,360.0,1.0,Rural,Y,Medium
LP002408,Male,No,0,Graduate,No,0.04341372912801485,0.12153502771977824,0.2575976845151953,360.0,1.0,Semiurban,Y,High
LP002409,Male,Yes,0,Graduate,No,0.09586889301175015,0.043991648066815464,0.24746743849493485,360.0,1.0,Rural,Y,High
LP002418,Male,No,3+,Not Graduate,No,0.05636363636363637,0.04783161734706123,0.20115774240231546,360.0,1.0,Semiurban,Y,Medium
LP002422,Male,No,1,Graduate,No,0.46467532467532474,0.0,0.2069464544138929,360.0,1.0,Semiurban,Y,High
LP002424,Male,Yes,0,Graduate,No,0.08884353741496599,0.19999040007679939,0.24023154848046308,300.0,1.0,Rural,Y,High
LP002429,Male,Yes,1,Graduate,Yes,0.04101422387136673,0.029039767681858546,0.17510853835021706,360.0,1.0,Rural,Y,Medium
LP002434,Male,Yes,2,Not Graduate,No,0.05568336425479283,0.0,0.14616497829232994,360.0,1.0,Rural,Y,Low
LP002435,Male,Yes,0,Graduate,No,0.041917130488559065,0.033023735810113516,0.06657018813314038,360.0,1.0,Rural,N,Low
LP002443,Male,Yes,2,Graduate,No,0.039455782312925174,0.04103967168262654,0.20405209840810418,360.0,0.0,Rural,N,Medium
LP002444,Male,No,1,Not Graduate,Yes,0.03239332096474954,0.03700770393836849,0.2619392185238784,360.0,1.0,Semiurban,N,High
LP002446,Male,Yes,2,Not Graduate,No,0.026703772418058134,0.030119759041927666,0.16787264833574528,360.0,0.0,Rural,N,Medium
LP002447,Male,Yes,2,Not Graduate,No,0.022362399505256647,0.0349437204502364,0.07380607814761216,300.0,1.0,Urban,Y,Low
LP002448,Male,Yes,0,Graduate,No,0.046975881261595555,0.041591667266661865,0.2026049204052098,360.0,0.0,Rural,N,Medium
LP002449,Male,Yes,0,Graduate,No,0.028855905998763143,0.059183526531787746,0.11722141823444283,180.0,0.0,Rural,Y,Low
LP002453,Male,No,0,Graduate,Yes,0.0857761286332715,0.0,0.1085383502170767,360.0,1.0,Semiurban,Y,Low
LP002455,Male,Yes,2,Graduate,No,0.04587507730364874,0.0,0.12590448625180894,360.0,1.0,Semiurban,Y,Low
LP002459,Male,Yes,0,Graduate,No,0.05134199134199135,0.0,0.15774240231548478,360.0,1.0,Urban,Y,Medium
LP002467,Male,Yes,0,Graduate,No,0.044007421150278295,0.06165550675594595,0.23733719247467433,360.0,1.0,Urban,N,High
LP002472,Male,No,2,Graduate,No,0.05199752628324057,0.0,0.18379160636758318,360.0,1.0,Rural,Y,Medium
LP002473,Male,Yes,0,Graduate,No,0.10122448979591837,0.0,0.21852387843704774,360.0,1.0,Semiurban,N,High
LP002478,Male,Yes,0,Graduate,Yes,0.023908472479901053,0.09799121607027143,0.21852387843704774,360.0,1.0,Semiurban,Y,High
LP002484,Male,Yes,3+,Graduate,No,0.09387755102040816,0.0,0.17221418234442834,180.0,1.0,Urban,Y,Medium
LP002487,Male,Yes,0,Graduate,No,0.035435992578849725,0.052511579907360745,0.20839363241678724,360.0,1.0,Rural,Y,High
LP002489,Female,No,1,Not Graduate,No,0.0623500309214595,0.0,0.17800289435600578,360.0,1.0,Semiurban,Y,Medium
LP002493,Male,No,0,Graduate,No,0.049672232529375394,0.0,0.12879884225759766,360.0,0.0,Semiurban,N,Low
LP002494,Male,No,0,Graduate,No,0.07235621521335807,0.0,0.18958031837916062,360.0,1.0,Rural,Y,Medium
LP002500,Male,Yes,3+,Not Graduate,No,0.03459492888064317,0.039935680514555885,0.08827785817655572,180.0,0.0,Urban,N,Low
LP002501,Male,Yes,0,Graduate,No,0.20460111317254176,0.0,0.14616497829232994,360.0,1.0,Semiurban,Y,Low
LP002502,Female,Yes,2,Not Graduate,No,0.0007421150278293135,0.07000743994048048,0.12879884225759766,360.0,1.0,Semiurban,Y,Low
LP002505,Male,Yes,0,Graduate,No,0.051737786023500314,0.058823529411764705,0.14616497829232994,360.0,1.0,Urban,N,Low
LP002515,Male,Yes,1,Graduate,Yes,0.04081632653061225,0.049895600835193316,0.22141823444283645,360.0,1.0,Semiurban,Y,High
LP002517,Male,Yes,1,Not Graduate,No,0.03095856524427953,0.03599971200230398,0.150506512301013,180.0,0.0,Rural,N,Medium
LP002519,Male,Yes,3+,Graduate,No,0.05616573902288188,0.0,0.13169319826338638,360.0,1.0,Semiurban,Y,Low
LP002522,Female,No,0,Graduate,Yes,0.02906617192331478,0.0,0.1215629522431259,360.0,1.0,Urban,Y,Low
LP002524,Male,No,2,Graduate,No,0.06656771799628942,0.11155110759113927,0.22141823444283645,360.0,1.0,Rural,Y,High
LP002527,Male,Yes,2,Graduate,Yes,0.20253555967841683,0.02433580531355749,0.20405209840810418,360.0,1.0,Rural,Y,Medium
LP002529,Male,Yes,2,Graduate,No,0.08101422387136673,0.04199966400268798,0.31982633863965265,300.0,1.0,Semiurban,Y,High
LP002530,Male,Yes,2,Graduate,No,0.033679653679653684,0.04492764057887537,0.17800289435600578,360.0,0.0,Semiurban,N,Medium
LP002531,Male,Yes,1,Graduate,Yes,0.20429189857761287,0.05399956800345597,0.11143270622286541,360.0,1.0,Semiurban,Y,Low
LP002533,Male,Yes,2,Graduate,No,0.03459492888064317,0.03847169222646219,0.17221418234442834,360.0,1.0,Urban,N,Medium
LP002534,Female,No,0,Not Graduate,No,0.05194805194805195,0.0,0.20984081041968158,360.0,1.0,Rural,Y,High
LP002536,Male,Yes,3+,Not Graduate,No,0.036425479282622145,0.0,0.150506512301013,360.0,1.0,Rural,Y,Medium
LP002537,Male,Yes,0,Graduate,No,0.023908472479901053,0.07559939520483837,0.17221418234442834,360.0,1.0,Semiurban,Y,Medium
LP002541,Male,Yes,0,Graduate,No,0.13213358070500927,0.0,0.3256150506512301,360.0,1.0,Semiurban,Y,High
LP002543,Male,Yes,2,Graduate,No,0.10121212121212121,0.0,0.34298118668596234,360.0,1.0,Semiurban,Y,High
LP002544,Male,Yes,1,Not Graduate,No,0.022362399505256647,0.058463532291741664,0.1765557163531114,360.0,1.0,Rural,Y,Medium
LP002545,Male,No,2,Graduate,No,0.042016079158936306,0.0,0.10274963820549927,360.0,0.0,Rural,N,Low
LP002547,Male,Yes,1,Graduate,No,0.22489795918367347,0.0,0.7105643994211288,360.0,1.0,Urban,N,High
LP002555,Male,Yes,2,Graduate,Yes,0.05482993197278912,0.049991600067199465,0.21852387843704774,360.0,1.0,Semiurban,Y,High
LP002556,Male,No,0,Graduate,No,0.02826221397649969,0.0,0.0955137481910275,360.0,1.0,Urban,N,Low
LP002560,Male,No,0,Not Graduate,No,0.03152752009894867,0.06683946528427773,0.12590448625180894,360.0,1.0,Semiurban,Y,Low
LP002562,Male,Yes,1,Not Graduate,No,0.06410636982065554,0.027143782849737202,0.256150506512301,360.0,1.0,Urban,Y,High
LP002571,Male,No,0,Not Graduate,No,0.04379715522572666,0.0,0.14616497829232994,360.0,1.0,Rural,Y,Low
LP002582,Female,No,0,Not Graduate,Yes,0.21166357452071738,0.0,0.3125904486251809,360.0,1.0,Semiurban,Y,High
LP002585,Male,Yes,0,Graduate,No,0.042634508348794065,0.051767585859313126,0.15918958031837913,360.0,0.0,Rural,N,Medium
LP002586,Female,Yes,1,Graduate,No,0.039282622139765,0.021911824705402358,0.13892908827785816,84.0,1.0,Semiurban,Y,Low
LP002587,Male,Yes,0,Not Graduate,No,0.0303030303030303,0.04079967360261118,0.14182344428364688,360.0,1.0,Rural,Y,Low
LP002588,Male,Yes,0,Graduate,No,0.05534941249226964,0.06856745146038831,0.14761215629522428,12.0,1.0,Urban,Y,Low
LP002600,Male,Yes,1,Graduate,Yes,0.0339517625231911,0.0,0.12445730824891461,360.0,1.0,Semiurban,Y,Low
LP002602,Male,No,0,Graduate,No,0.075856524427953,0.10598315213478292,0.2894356005788712,360.0,0.0,Rural,N,High
LP002603,Female,No,0,Graduate,No,0.006122448979591836,0.08839129286965704,0.150506512301013,480.0,1.0,Rural,Y,Medium
LP002606,Female,No,0,Graduate,No,0.03721706864564008,0.0,0.13169319826338638,360.0,1.0,Semiurban,Y,Low
LP002615,Male,Yes,2,Graduate,No,0.058317872603586896,0.1349749202006384,0.2879884225759768,360.0,1.0,Semiurban,Y,High
LP002618,Male,Yes,1,Not Graduate,No,0.04823747680890539,0.1272469820241438,0.1866859623733719,360.0,1.0,Rural,N,Medium
LP002619,Male,Yes,0,Not Graduate,No,0.04531849103277675,0.03559171526627787,0.1664254703328509,300.0,1.0,Semiurban,Y,Medium
LP002622,Male,Yes,2,Graduate,No,0.041558441558441565,0.10598315213478292,0.33863965267727925,360.0,1.0,Rural,Y,High
LP002624,Male,Yes,0,Graduate,No,0.25581941867656155,0.16000671994624044,0.6816208393632417,360.0,1.0,Urban,Y,High
LP002625,Male,No,0,Graduate,No,0.04246134817563389,0.0,0.12590448625180894,360.0,1.0,Urban,N,Low
LP002626,Male,Yes,0,Graduate,Yes,0.028806431663574522,0.07231142150862793,0.25904486251808967,360.0,1.0,Urban,Y,High
LP002634,Female,No,1,Graduate,No,0.1621768707482993,0.0,0.04486251808972504,360.0,1.0,Urban,Y,Low
LP002637,Male,No,0,Not Graduate,No,0.04264687693259123,0.030887752897976815,0.13169319826338638,360.0,1.0,Rural,N,Low
LP002640,Male,Yes,1,Graduate,No,0.07316017316017316,0.04809561523507812,0.34876989869753977,360.0,1.0,Semiurban,Y,High
LP002643,Male,Yes,2,Graduate,No,0.03875077303648733,0.04883960928312574,0.20115774240231546,360.0,1.0,Urban,Y,Medium
LP002648,Male,Yes,0,Graduate,No,0.024489795918367346,0.1599827201382389,0.08827785817655572,180.0,1.0,Semiurban,N,Low
LP002652,Male,No,0,Graduate,No,0.07006802721088436,0.08798329613363093,0.43704775687409547,360.0,1.0,Rural,N,High
LP002659,Male,Yes,3+,Graduate,No,0.04101422387136673,0.08227134182926536,0.20405209840810418,360.0,1.0,Rural,Y,Medium
LP002670,Female,Yes,2,Graduate,No,0.02326530612244898,0.039167686658506735,0.150506512301013,480.0,1.0,Semiurban,Y,Medium
LP002682,Male,Yes,0,Not Graduate,No,0.036165739022881886,0.04319965440276478,0.16497829232995656,360.0,0.0,Semiurban,N,Medium
LP002683,Male,No,0,Graduate,No,0.05606679035250464,0.04595963232294142,0.25470332850940663,360.0,1.0,Semiurban,N,High
LP002684,Female,No,0,Not Graduate,No,0.04019789734075449,0.0,0.12445730824891461,360.0,1.0,Rural,N,Low
LP002689,Male,Yes,2,Not Graduate,No,0.025256648113790973,0.04180766553867569,0.05209840810419682,360.0,1.0,Semiurban,Y,Low
LP002690,Male,No,0,Graduate,No,0.02906617192331478,0.0,0.06657018813314038,360.0,1.0,Semiurban,Y,Low
LP002692,Male,Yes,3+,Graduate,Yes,0.06836116264687693,0.034175726594187245,0.13169319826338638,360.0,1.0,Rural,Y,Low
LP002693,Male,Yes,2,Graduate,Yes,0.09645021645021645,0.1719826241390069,0.6816208393632417,360.0,1.0,Rural,Y,High
LP002697,Male,No,0,Graduate,No,0.056029684601113176,0.05008759929920561,0.17221418234442834,360.0,1.0,Semiurban,N,Medium
LP002699,Male,Yes,2,Graduate,Yes,0.2145949288806432,0.0,0.5658465991316932,360.0,1.0,Rural,Y,High
LP002705,Male,Yes,0,Graduate,No,0.0448361162646877,0.0,0.14616497829232994,360.0,1.0,Semiurban,Y,Low
LP002706,Male,Yes,1,Not Graduate,No,0.06351267779839208,0.03431972544219646,0.21997105643994208,360.0,0.0,Semiurban,Y,High
LP002714,Male,No,1,Not Graduate,No,0.03128014842300557,0.031247750017999856,0.12301013024602024,360.0,1.0,Semiurban,Y,Low
LP002716,Male,No,0,Not Graduate,No,0.08204081632653061,0.0,0.17510853835021706,360.0,1.0,Semiurban,Y,Medium
LP002717,Male,Yes,0,Graduate,No,0.010822510822510824,0.13199894400844794,0.29956584659913166,360.0,1.0,Rural,Y,High
LP002720,Male,Yes,3+,Graduate,No,0.051094619666048245,0.0,0.13169319826338638,360.0,1.0,Urban,Y,Low
LP002723,Male,No,2,Graduate,No,0.04252319109461967,0.0,0.14616497829232994,360.0,0.0,Rural,N,Low
LP002729,Male,No,1,Graduate,No,0.137291280148423,0.0,0.27062228654124454,360.0,1.0,Semiurban,N,High
LP002731,Female,No,0,Not Graduate,Yes,0.2228200371057514,0.0,0.16787264833574528,360.0,1.0,Urban,Y,Medium
LP002732,Male,No,0,Not Graduate,No,0.029684601113172542,0.049007607939136485,0.16931982633863962,360.0,1.0,Rural,Y,Medium
LP002734,Male,Yes,0,Graduate,No,0.07400123685837971,0.09374325005399957,0.4558610709117221,360.0,1.0,Urban,Y,High
LP002738,Male,No,2,Graduate,No,0.042881880024737175,0.0,0.14182344428364688,360.0,1.0,Semiurban,Y,Low
LP002739,Male,Yes,0,Not Graduate,No,0.03422387136672851,0.01286389708882329,0.0824891461649783,360.0,1.0,Rural,N,Low
LP002740,Male,Yes,3+,Graduate,No,0.07751391465677179,0.0,0.21418234442836467,180.0,1.0,Rural,Y,High
LP002741,Female,Yes,1,Graduate,No,0.055139146567718005,0.06827945376436989,0.18958031837916062,180.0,1.0,Semiurban,Y,Medium
LP002743,Female,No,0,Graduate,No,0.02458874458874459,0.0,0.130246020260492,360.0,0.0,Semiurban,N,Low
LP002753,Female,No,1,Graduate,No,0.043314780457637606,0.0,0.12445730824891461,360.0,1.0,Semiurban,Y,Low
LP002755,Male,Yes,1,Not Graduate,No,0.025837971552257265,0.060575515395876835,0.17221418234442834,360.0,1.0,Urban,Y,Medium
LP002757,Female,Yes,0,Not Graduate,No,0.035460729746444035,0.01591187270501836,0.1345875542691751,360.0,1.0,Semiurban,Y,Low
LP002767,Male,Yes,0,Graduate,No,0.032380952380952385,0.04679962560299518,0.21128798842257596,360.0,1.0,Rural,Y,High
LP002768,Male,No,0,Not Graduate,No,0.03967841682127397,0.0,0.10274963820549927,36.0,1.0,Semiurban,N,Low
LP002772,Male,No,0,Graduate,No,0.02938775510204082,0.04279165766673867,0.1968162083936324,360.0,1.0,Rural,Y,Medium
LP002776,Female,No,0,Graduate,No,0.05998763141620285,0.0,0.13603473227206944,360.0,0.0,Semiurban,N,Low
LP002777,Male,Yes,0,Graduate,No,0.03259121830550402,0.048383612931096553,0.14616497829232994,360.0,1.0,Rural,Y,Low
LP002778,Male,Yes,2,Graduate,Yes,0.08018552875695732,0.0,0.17221418234442834,360.0,0.0,Rural,N,Medium
LP002784,Male,Yes,1,Not Graduate,No,0.02896722325293754,0.05699954400364797,0.17221418234442834,360.0,1.0,Rural,Y,Medium
LP002785,Male,Yes,1,Graduate,No,0.03936920222634509,0.07799937600499196,0.21562952243125902,360.0,1.0,Urban,Y,High
LP002788,Male,Yes,0,Not Graduate,No,0.02849721706864564,0.05599155206758346,0.2489146164978292,360.0,0.0,Urban,N,High
LP002789,Male,Yes,0,Graduate,No,0.042585034013605444,0.10238318093455252,0.17800289435600578,180.0,0.0,Rural,N,Medium
LP002792,Male,Yes,1,Graduate,No,0.0657761286332715,0.02476780185758514,0.02460202604920405,360.0,1.0,Semiurban,Y,Low
LP002794,Female,No,0,Graduate,No,0.031131725417439703,0.03899968800249598,0.1085383502170767,360.0,1.0,Urban,Y,Low
LP002795,Male,Yes,3+,Graduate,Yes,0.12354978354978355,0.0,0.36324167872648333,360.0,1.0,Semiurban,Y,High
LP002798,Male,Yes,0,Graduate,No,0.04622139764996908,0.06405548755609955,0.22141823444283645,360.0,1.0,Semiurban,Y,High
LP002804,Female,Yes,0,Graduate,No,0.04984539270253557,0.05534355725154199,0.25036179450072354,360.0,1.0,Semiurban,Y,High
LP002807,Male,Yes,2,Not Graduate,No,0.043599257884972174,0.0058079535363717094,0.14327062228654122,360.0,1.0,Semiurban,Y,Low
LP002813,Female,Yes,1,Graduate,Yes,0.23913419913419914,0.0,0.8552821997105644,360.0,1.0,Semiurban,Y,High
LP002820,Male,Yes,0,Graduate,No,0.07140383426097711,0.04929560563515492,0.2923299565846599,360.0,1.0,Rural,Y,High
LP002821,Male,No,0,Not Graduate,Yes,0.06988249845392702,0.0,0.17800289435600578,360.0,1.0,Semiurban,Y,Medium
LP002832,Male,Yes,2,Graduate,No,0.10697588126159555,0.0,0.3603473227206946,360.0,0.0,Urban,N,High
LP002833,Male,Yes,0,Not Graduate,No,0.05339517625231911,0.0,0.1606367583212735,360.0,1.0,Rural,Y,Medium
LP002836,Male,No,0,Graduate,No,0.03936920222634509,0.0,0.08827785817655572,360.0,1.0,Urban,Y,Low
LP002837,Male,Yes,3+,Graduate,No,0.04019789734075449,0.05999952000383997,0.16497829232995656,360.0,0.0,Rural,N,Medium
LP002840,Female,No,0,Graduate,No,0.027557204700061844,0.0,0.0,360.0,1.0,Urban,N,Low
LP002841,Male,Yes,0,Graduate,No,0.03730364873222017,0.04953560371517028,0.1374819102749638,360.0,0.0,Urban,N,Low
LP002842,Male,Yes,1,Graduate,No,0.04040816326530613,0.04199966400268798,0.256150506512301,360.0,1.0,Urban,Y,High
LP002847,Male,Yes,0,Graduate,No,0.061422387136672855,0.03482372141022872,0.22575976845151952,360.0,0.0,Urban,N,High
LP002855,Male,Yes,2,Graduate,No,0.2042795299938157,0.0,0.38494934876989867,360.0,1.0,Urban,Y,High
LP002862,Male,Yes,2,Not Graduate,No,0.07390228818800247,0.03899968800249598,0.2575976845151953,480.0,1.0,Semiurban,N,High
LP002863,Male,Yes,3+,Graduate,No,0.0773778602350031,0.0,0.20405209840810418,360.0,1.0,Semiurban,N,Medium
LP002868,Male,Yes,2,Graduate,No,0.03721706864564008,0.01106391148870809,0.14327062228654122,84.0,1.0,Urban,Y,Low
LP002872,Male,Yes,0,Graduate,No,0.0363265306122449,0.053039575683394534,0.18379160636758318,360.0,0.0,Semiurban,N,Medium
LP002874,Male,No,0,Graduate,No,0.038082869511440944,0.06573547411620707,0.14616497829232994,360.0,1.0,Urban,Y,Low
LP002877,Male,Yes,1,Graduate,No,0.020185528756957328,0.05356757145942832,0.14182344428364688,360.0,1.0,Rural,Y,Low
LP002888,Male,No,0,Graduate,No,0.03750154607297465,0.07000743994048048,0.21997105643994208,360.0,1.0,Urban,Y,High
LP002892,Male,Yes,2,Graduate,No,0.0790352504638219,0.0,0.28364688856729375,360.0,1.0,Semiurban,Y,High
LP002893,Male,No,0,Graduate,No,0.02085343228200371,0.8120815033479732,0.11722141823444283,360.0,1.0,Urban,N,Low
LP002894,Female,Yes,0,Graduate,No,0.03730364873222017,0.0,0.03907380607814761,360.0,1.0,Semiurban,Y,Low
LP002898,Male,Yes,1,Graduate,No,0.02139764996907854,0.0,0.07525325615050651,360.0,1.0,Rural,N,Low
LP002911,Male,Yes,1,Graduate,No,0.03261595547309833,0.04600763193894449,0.19826338639652674,360.0,0.0,Rural,N,Medium
LP002912,Male,Yes,1,Graduate,No,0.051119356833642556,0.07199942400460796,0.23589001447178,84.0,1.0,Rural,N,High
LP002916,Male,Yes,0,Graduate,No,0.02655534941249227,0.036527707778337776,0.1374819102749638,360.0,1.0,Urban,Y,Low
LP002917,Female,No,0,Not Graduate,No,0.02492269635126778,0.0,0.08827785817655572,360.0,1.0,Semiurban,Y,Low
LP002925,Male,No,0,Graduate,No,0.056895485466914045,0.0,0.12301013024602024,360.0,1.0,Semiurban,Y,Low
LP002926,Male,Yes,2,Graduate,Yes,0.03186147186147187,0.0,0.1403762662807525,360.0,0.0,Semiurban,N,Low
LP002928,Male,Yes,0,Graduate,No,0.0352504638218924,0.08198334413324694,0.06801736613603473,180.0,1.0,Semiurban,Y,Low
LP002931,Male,Yes,2,Graduate,Yes,0.07235621521335807,0.0,0.28364688856729375,240.0,1.0,Semiurban,N,High
LP002933,Male,No,3+,Graduate,Yes,0.11387755102040817,0.0,0.4095513748191027,360.0,1.0,Semiurban,Y,High
LP002936,Male,Yes,0,Graduate,No,0.04587507730364874,0.07919936640506876,0.19247467438494933,180.0,1.0,Rural,Y,Medium
LP002938,Male,Yes,0,Graduate,Yes,0.19752628324056895,0.0,0.36324167872648333,360.0,1.0,Urban,Y,High
LP002940,Male,No,0,Not Graduate,No,0.045553494124922704,0.0,0.14616497829232994,360.0,1.0,Rural,Y,Low
LP002941,Male,Yes,2,Not Graduate,Yes,0.07709338280766852,0.023999808001535988,0.2575976845151953,360.0,1.0,Rural,N,High
LP002943,Male,No,0,Graduate,No,0.03508967223252938,0.0,0.11432706222865412,360.0,0.0,Semiurban,N,Low
LP002945,Male,Yes,0,Graduate,Yes,0.12137291280148423,0.0,0.24746743849493485,360.0,1.0,Rural,Y,High
LP002948,Male,Yes,2,Graduate,No,0.06963512677798392,0.0,0.2648335745296671,360.0,1.0,Urban,Y,High
LP002949,Female,No,3+,Graduate,No,0.00329004329004329,1.0,0.49348769898697536,180.0,1.0,Urban,N,High
LP002950,Male,Yes,0,Not Graduate,No,0.03393939393939394,0.06700746394028848,0.21128798842257596,360.0,1.0,Rural,Y,High
LP002953,Male,Yes,3+,Graduate,No,0.06868274582560296,0.0,0.17221418234442834,360.0,1.0,Urban,Y,Medium
LP002958,Male,No,0,Graduate,No,0.04361162646876933,0.10322317421460628,0.23589001447178,360.0,1.0,Rural,Y,High
LP002959,Female,Yes,1,Graduate,No,0.14656771799628943,0.0,0.7047756874095513,360.0,1.0,Semiurban,Y,High
LP002960,Male,Yes,0,Not Graduate,No,0.027829313543599257,0.09119927040583675,0.17221418234442834,180.0,1.0,Urban,N,Medium
LP002961,Male,Yes,1,Graduate,No,0.04019789734075449,0.05999952000383997,0.23733719247467433,360.0,1.0,Semiurban,Y,High
LP002964,Male,Yes,2,Not Graduate,No,0.047458256029684606,0.03386372909016728,0.21418234442836467,360.0,1.0,Rural,Y,High
LP002974,Male,Yes,0,Graduate,No,0.03811997526283241,0.04679962560299518,0.14327062228654122,360.0,1.0,Rural,Y,Low
LP002978,Female,No,0,Graduate,No,0.034013605442176874,0.0,0.08972503617945007,360.0,1.0,Rural,Y,Low
LP002979,Male,Yes,3+,Graduate,No,0.04893011750154608,0.0,0.04486251808972504,180.0,1.0,Rural,Y,Low
LP002983,Male,Yes,1,Graduate,No,0.09798392084106369,0.005759953920368637,0.3531114327062228,360.0,1.0,Urban,Y,High
LP002984,Male,Yes,2,Graduate,No,0.0919356833642548,0.0,0.2575976845151953,360.0,1.0,Urban,Y,High
LP002990,Female,No,0,Graduate,Yes,0.05482993197278912,0.0,0.17945007235890012,360.0,0.0,Semiurban,N,Medium
